{
    "RatQuad": {
        "mse": 8.167708899857323e-13,
        "evs_error": -5.572187156133168e-11,
        "r2": -0.31203106355863697
    },
    "Matern52": {
        "mse": 8.16770889985254e-13,
        "evs_error": -5.922018431192555e-11,
        "r2": -0.31203106355786847
    },
    "Matern32": {
        "mse": 8.167708899862502e-13,
        "evs_error": -5.5463855730408795e-11,
        "r2": -0.31203106355946875
    },
    "RBF": {
        "mse": 8.167708899837873e-13,
        "evs_error": -6.459477397413593e-11,
        "r2": -0.31203106355551236
    },
    "EXPQuad": {
        "mse": 8.167708899837873e-13,
        "evs_error": -6.459477397413593e-11,
        "r2": -0.31203106355551236
    }
}