{
    "RatQuad": {
        "mse": 3.964812868930062,
        "evs_error": 0.4213902621590305,
        "r2": 0.38424448910925724
    },
    "Matern52": {
        "mse": 8.304094785691255,
        "evs_error": -0.023445794537415132,
        "r2": -0.2896679607046213
    },
    "Matern32": {
        "mse": 5.105038651375023,
        "evs_error": 0.2696775607565586,
        "r2": 0.20716165256427255
    },
    "RBF": {
        "mse": 8.88907824057608,
        "evs_error": -0.054019691829453986,
        "r2": -0.3805188527979073
    },
    "EXPQuad": {
        "mse": 8.88907824057608,
        "evs_error": -0.054019691829453986,
        "r2": -0.3805188527979073
    }
}