{
    "RatQuad": {
        "mse": 1.0470011324016631e-12,
        "evs_error": 1.865174681370263e-13,
        "r2": -0.5048242386647657
    }
}