{
    "RatQuad": {
        "mse": 1.0857641408879163e-12,
        "evs_error": 1.1334488903003148e-11,
        "r2": -0.47496212625296197
    }
}