{
    "RatQuad": {
        "mse": 1.005094247846294e-12,
        "evs_error": 1.5393131214125333e-11,
        "r2": -0.42763696291773745
    }
}