{
    "RatQuad": {
        "mse": 1.1149513769555002e-12,
        "evs_error": 7.769895837839158e-12,
        "r2": -0.3933167831667599
    }
}