{
    "RatQuad": {
        "mse": 1.288292139308263e-12,
        "evs_error": 2.595035297758841e-12,
        "r2": -0.5580800800802856
    }
}