{
    "RatQuad": {
        "mse": 1.5875767293961514e-12,
        "evs_error": -9.85878045867139e-14,
        "r2": -0.4715308210500926
    }
}