{
    "RatQuad": {
        "mse": 1.0669945588873885e-12,
        "evs_error": -3.9330760870370796e-12,
        "r2": -0.6398809603388584
    }
}