{
    "RatQuad": {
        "mse": 2.2507096229301227e-12,
        "evs_error": -1.1062040172760135e-11,
        "r2": -0.844635921985625
    }
}