{
    "RatQuad": {
        "mse": 1.1653866232931274e-12,
        "evs_error": 1.5029977262770444e-11,
        "r2": -0.4827873284856139
    }
}