{
    "RatQuad": {
        "mse": 4.0437255096548045e-12,
        "evs_error": -7.637668275606302e-11,
        "r2": -2.1739248393033184
    }
}