{
    "RatQuad": {
        "mse": 1.82493918114812e-12,
        "evs_error": -3.869793374633446e-12,
        "r2": -0.8023571973301264
    }
}