{
    "RatQuad": {
        "mse": 1.4147198883316639e-12,
        "evs_error": 3.034239526300553e-12,
        "r2": -0.5743459087653262
    }
}