{
    "RatQuad": {
        "mse": 9.98359237669515e-13,
        "evs_error": 1.512068248388232e-11,
        "r2": -0.4061548381712816
    }
}