{
    "RatQuad": {
        "mse": 6.0030462034194404e-12,
        "evs_error": -1.0490941448892954e-11,
        "r2": -1.6239813528164304
    }
}