{
    "RatQuad": {
        "mse": 1.1692481137199872e-12,
        "evs_error": -4.729550084903167e-13,
        "r2": -0.6353668279157927
    }
}