{
    "RatQuad": {
        "mse": 1.0178829490171487e-12,
        "evs_error": 1.2326806242413113e-11,
        "r2": -0.43716580048501497
    }
}