{
    "RatQuad": {
        "mse": 1.246798211762759e-12,
        "evs_error": -4.743538895013444e-12,
        "r2": -0.46594449155216
    }
}