{
    "RatQuad": {
        "mse": 1.7000992519748535e-12,
        "evs_error": -1.3595791159559667e-11,
        "r2": -0.7616308330380313
    }
}