{
    "RatQuad": {
        "mse": 1.1514678456093771e-12,
        "evs_error": 1.389555137620846e-11,
        "r2": -0.3868341911958946
    }
}