{
    "RatQuad": {
        "mse": 1.1150726519815975e-12,
        "evs_error": 1.2724710174438769e-11,
        "r2": -0.38261868953680933
    }
}