{
    "RatQuad": {
        "mse": 1.7460029497768403e-12,
        "evs_error": -1.5172085809922464e-11,
        "r2": -0.5342520031723765
    }
}