{
    "RatQuad": {
        "mse": 1.097165545281857e-12,
        "evs_error": 1.9125034889100334e-11,
        "r2": -0.43626426047016054
    }
}