{
    "RatQuad": {
        "mse": 1.0653281479705162e-12,
        "evs_error": 2.3367974222310295e-12,
        "r2": -0.5349420732931429
    }
}