{
    "RatQuad": {
        "mse": 1.000937159689652e-12,
        "evs_error": -2.722710945590734e-12,
        "r2": -0.5626971118814574
    }
}