{
    "RatQuad": {
        "mse": 1.14282607411659e-12,
        "evs_error": -3.47499806707674e-12,
        "r2": -0.640263000411583
    }
}