{
    "RatQuad": {
        "mse": 1.0419517010636805e-12,
        "evs_error": 2.1488699708527292e-11,
        "r2": -0.3898873974925239
    }
}