{
    "RatQuad": {
        "mse": 1.3657455380285853e-12,
        "evs_error": -9.663603250942288e-12,
        "r2": -0.5101565270106618
    }
}