{
    "RatQuad": {
        "mse": 2.5000592796537385e-12,
        "evs_error": -2.7449820194647145e-11,
        "r2": -0.6643993418957783
    }
}