{
    "RatQuad": {
        "mse": 2.434296865346342e-12,
        "evs_error": -1.3443468560581096e-11,
        "r2": -0.9174440638900776
    }
}