{
    "RatQuad": {
        "mse": 1.1274411682694143e-12,
        "evs_error": -5.45785638905727e-13,
        "r2": -0.43584139741476435
    }
}