{
    "RatQuad": {
        "mse": 1.1245476848405527e-12,
        "evs_error": -8.251177519014163e-12,
        "r2": -0.7467553054535085
    }
}