{
    "RatQuad": {
        "mse": 1.0154761655480406e-12,
        "evs_error": 6.923128736957551e-12,
        "r2": -0.45967281319786735
    }
}