{
    "RatQuad": {
        "mse": 2.8116312918425582e-12,
        "evs_error": -6.233236149455479e-12,
        "r2": -1.051457914858994
    }
}