{
    "RatQuad": {
        "mse": 1.1393120235080048e-12,
        "evs_error": 1.499844692887109e-11,
        "r2": -0.383661734239092
    }
}