{
    "RatQuad": {
        "mse": 1.1291715330891054e-12,
        "evs_error": 2.0352386442823445e-11,
        "r2": -0.4364364203661153
    }
}