{
    "RatQuad": {
        "mse": 1.05232789602805e-12,
        "evs_error": 5.3969051450053485e-12,
        "r2": -0.5062434196220509
    }
}