{
    "RatQuad": {
        "mse": 1.0989661973341941e-12,
        "evs_error": 1.3635426121538785e-11,
        "r2": -0.3797971909992115
    }
}