{
    "RatQuad": {
        "mse": 1.9100189341386572e-12,
        "evs_error": -1.3294254586071474e-11,
        "r2": -1.17777079375711
    }
}