{
    "RatQuad": {
        "mse": 1.1614368791184028e-12,
        "evs_error": 7.651768108019041e-12,
        "r2": -0.5439466490034572
    }
}