{
    "RatQuad": {
        "mse": 6.293785716612401e-12,
        "evs_error": -5.2660098504020425e-11,
        "r2": -1.1889803209012495
    }
}