{
    "RatQuad": {
        "mse": 1.0662710480657893e-12,
        "evs_error": 7.254197242900773e-13,
        "r2": -0.5608109615581156
    }
}