{
    "RatQuad": {
        "mse": 1.301945596917494e-12,
        "evs_error": -7.066569551739121e-12,
        "r2": -0.7495802482320326
    }
}