{
    "RatQuad": {
        "mse": 1.0070410707859818e-12,
        "evs_error": 1.3060996728597729e-11,
        "r2": -0.40324637847885225
    }
}