{
    "RatQuad": {
        "mse": 1.0835009315350733e-12,
        "evs_error": -1.900479773553343e-12,
        "r2": -0.5801922708467993
    }
}