{
    "RatQuad": {
        "mse": 1.0311646158620448e-12,
        "evs_error": 4.429234756742062e-12,
        "r2": -0.47614759867324863
    }
}