{
    "RatQuad": {
        "mse": 1.223490865027777e-11,
        "evs_error": -5.4083404421589876e-12,
        "r2": -2.581003706388986
    }
}