{
    "RatQuad": {
        "mse": 4.421700311842826e-12,
        "evs_error": -4.421685240174611e-11,
        "r2": -0.9592900176482508
    }
}