{
    "RatQuad": {
        "mse": 1.8693902793301315e-12,
        "evs_error": -1.2440937169344579e-11,
        "r2": -0.5076654024067409
    }
}