{
    "RatQuad": {
        "mse": 8.331014358949685e-12,
        "evs_error": -5.839040362332071e-11,
        "r2": -1.427517483038221
    }
}