{
    "RatQuad": {
        "mse": 1.005345412791148e-12,
        "evs_error": -7.058797990566745e-13,
        "r2": -0.5037500205904621
    }
}