{
    "RatQuad": {
        "mse": 1.2785711013204035e-12,
        "evs_error": 6.13753492473279e-12,
        "r2": -0.5542825394454396
    }
}