{
    "RatQuad": {
        "mse": 1.1113807396180116e-12,
        "evs_error": 2.507660745720841e-12,
        "r2": -0.42388125995342607
    }
}