{
    "RatQuad": {
        "mse": 1.0312849349693502e-12,
        "evs_error": 5.8509863620770375e-12,
        "r2": -0.4675421224013414
    }
}