{
    "RatQuad": {
        "mse": 1.2507285748508997e-12,
        "evs_error": 1.798450277590291e-12,
        "r2": -0.4091319589346649
    }
}