{
    "RatQuad": {
        "mse": 1.0202412160096407e-12,
        "evs_error": 3.985034524589537e-12,
        "r2": -0.4721610286946043
    }
}