{
    "RatQuad": {
        "mse": 1.4405393353684992e-12,
        "evs_error": -1.894262524615442e-12,
        "r2": -0.753093652402272
    }
}