{
    "RatQuad": {
        "mse": 1.1231647100177024e-12,
        "evs_error": 1.0273559780671349e-11,
        "r2": -0.38848271674326273
    }
}