{
    "RatQuad": {
        "mse": 4.114151146939486e-12,
        "evs_error": -2.078337502098293e-13,
        "r2": -1.3766875408673047
    }
}