{
    "RatQuad": {
        "mse": 1.2025180950866432e-12,
        "evs_error": 1.195377130613906e-11,
        "r2": -0.5157316438757811
    }
}