{
    "RatQuad": {
        "mse": 1.3122307008251756e-12,
        "evs_error": 5.850875339774575e-14,
        "r2": -0.5360054944083541
    }
}