{
    "RatQuad": {
        "mse": 1.0468076820228152e-12,
        "evs_error": 6.1883831392606226e-12,
        "r2": -0.49641614606381435
    }
}