{
    "RatQuad": {
        "mse": 1.0283980550863815e-12,
        "evs_error": 2.7869928587165305e-12,
        "r2": -0.46750835304575356
    }
}