{
    "RatQuad": {
        "mse": 1.1336538561438766e-11,
        "evs_error": -5.679301473549003e-11,
        "r2": -1.8030939759985616
    }
}