{
    "RatQuad": {
        "mse": 1.0599984609696767e-12,
        "evs_error": 2.3628321521584894e-11,
        "r2": -0.3954539897872922
    }
}