{
    "RatQuad": {
        "mse": 1.2622760935601496e-12,
        "evs_error": 6.556644116528787e-12,
        "r2": -0.4741280912868757
    }
}