{
    "RatQuad": {
        "mse": 1.750919101556732e-12,
        "evs_error": -1.305311414512289e-11,
        "r2": -1.561500769297361
    }
}