{
    "RatQuad": {
        "mse": 1.0681928712208755e-12,
        "evs_error": 2.026390166776082e-11,
        "r2": -0.42121876536718594
    }
}