{
    "RatQuad": {
        "mse": 1.0942260237516243e-12,
        "evs_error": 1.2485346090329585e-11,
        "r2": -0.3801849068840035
    }
}