{
    "RatQuad": {
        "mse": 4.7115951741772395e-12,
        "evs_error": -4.1536551975696057e-11,
        "r2": -1.0356268036793739
    }
}