{
    "RatQuad": {
        "mse": 1.0262798400192453e-12,
        "evs_error": 3.508193735513032e-12,
        "r2": -0.4679457070382329
    }
}