{
    "RatQuad": {
        "mse": 1.2483680139486054e-12,
        "evs_error": -5.774047906470514e-12,
        "r2": -0.7200867254594154
    }
}