{
    "RatQuad": {
        "mse": 1.2744546705651432e-12,
        "evs_error": 6.094458271377334e-12,
        "r2": -0.48448208985793184
    }
}