{
    "RatQuad": {
        "mse": 2.591989557758237e-12,
        "evs_error": -5.1840975956451985e-11,
        "r2": -1.2829241802555358
    }
}