{
    "RatQuad": {
        "mse": 7.283529302280357e-12,
        "evs_error": -5.401790126313699e-11,
        "r2": -1.592123125826506
    }
}