{
    "RatQuad": {
        "mse": 1.251249693843882e-12,
        "evs_error": 1.0930034655132204e-11,
        "r2": -0.4441797194574204
    }
}