{
    "RatQuad": {
        "mse": 1.0552010266803063e-12,
        "evs_error": -4.194200542428916e-12,
        "r2": -0.6455823988668983
    }
}