{
    "RatQuad": {
        "mse": 1.104599670451565e-12,
        "evs_error": 2.3434698626090267e-11,
        "r2": -0.4053645250102136
    }
}