{
    "RatQuad": {
        "mse": 1.1419966283059564e-12,
        "evs_error": -3.659739178374366e-12,
        "r2": -0.4634751322852031
    }
}