{
    "RatQuad": {
        "mse": 1.2837833782771112e-12,
        "evs_error": 4.6022075039786614e-12,
        "r2": -0.5122610825041769
    }
}