{
    "RatQuad": {
        "mse": 1.0448478514783011e-12,
        "evs_error": 1.4516166046973922e-11,
        "r2": -0.39408536384506987
    }
}