{
    "RatQuad": {
        "mse": 1.1244232344128772e-12,
        "evs_error": 6.624478743333384e-12,
        "r2": -0.5125069787983518
    }
}