{
    "RatQuad": {
        "mse": 1.1737967718369563e-11,
        "evs_error": -5.921640955364182e-11,
        "r2": -1.8251319426981794
    }
}