{
    "RatQuad": {
        "mse": 1.0645183260125426e-12,
        "evs_error": 1.4765300093699807e-11,
        "r2": -0.3878679108937779
    }
}