{
    "RatQuad": {
        "mse": 2.24665534359075e-12,
        "evs_error": -1.649991254737415e-11,
        "r2": -0.9188227018603015
    }
}