{
    "RatQuad": {
        "mse": 1.011651441535196e-12,
        "evs_error": 3.5793590313915047e-12,
        "r2": -0.5030371974332457
    }
}