{
    "RatQuad": {
        "mse": 1.1247177034035686e-11,
        "evs_error": -2.6068036618198676e-12,
        "r2": -2.4359076511945132
    }
}