{
    "RatQuad": {
        "mse": 1.2082896781949977e-12,
        "evs_error": 1.2009948591185093e-11,
        "r2": -0.4250954613636164
    }
}