{
    "RatQuad": {
        "mse": 1.1147855634374753e-12,
        "evs_error": -3.453459740399012e-12,
        "r2": -0.6627614625818181
    }
}