{
    "RatQuad": {
        "mse": 1.2205740107149598e-12,
        "evs_error": -5.2364779179470133e-11,
        "r2": -1.5762014751153703
    }
}