{
    "RatQuad": {
        "mse": 1.3414307731122142e-12,
        "evs_error": 2.8137492336099967e-12,
        "r2": -0.5253925599310743
    }
}