{
    "RatQuad": {
        "mse": 1.0609239927325614e-12,
        "evs_error": 1.3699597012362119e-11,
        "r2": -0.427012852676637
    }
}