{
    "RatQuad": {
        "mse": 1.6896650712423168e-12,
        "evs_error": -4.128031250161257e-12,
        "r2": -0.6763387181459959
    }
}