{
    "RatQuad": {
        "mse": 1.2764119852976594e-12,
        "evs_error": 6.845080058326403e-12,
        "r2": -0.4843653352396391
    }
}