{
    "RatQuad": {
        "mse": 1.216938510429351e-12,
        "evs_error": 1.150357586965356e-11,
        "r2": -0.43251721230616313
    }
}