{
    "RatQuad": {
        "mse": 2.8534144911122834e-12,
        "evs_error": -3.126876535475276e-11,
        "r2": -0.7437920105656324
    }
}