{
    "RatQuad": {
        "mse": 1.3708688303502312e-12,
        "evs_error": -1.8969270598745425e-12,
        "r2": -0.7477364066184469
    }
}