{
    "RatQuad": {
        "mse": 9.16205739252615e-12,
        "evs_error": -5.4138471483611283e-11,
        "r2": -1.5708022707366913
    }
}