{
    "RatQuad": {
        "mse": 1.099336827154349e-12,
        "evs_error": 1.6591394924603264e-11,
        "r2": -0.4592966721536935
    }
}