{
    "RatQuad": {
        "mse": 3.426167037237572e-12,
        "evs_error": -6.3433702734982944e-12,
        "r2": -1.1675146446479618
    }
}