{
    "RatQuad": {
        "mse": 1.1341954412005338e-12,
        "evs_error": -4.705125178361413e-13,
        "r2": -0.43645329681374023
    }
}