{
    "RatQuad": {
        "mse": 1.1084791991179487e-12,
        "evs_error": 1.1019296586312066e-11,
        "r2": -0.3819665715717879
    }
}