{
    "RatQuad": {
        "mse": 1.0892946783516583e-12,
        "evs_error": 1.8700596626786137e-11,
        "r2": -0.37494499719780916
    }
}