{
    "RatQuad": {
        "mse": 1.1139075890116258e-12,
        "evs_error": 2.2335355787106437e-11,
        "r2": -0.40371336170290295
    }
}