{
    "RatQuad": {
        "mse": 2.499949679585065e-12,
        "evs_error": -8.530953721219703e-12,
        "r2": -0.9250268886663415
    }
}