{
    "RatQuad": {
        "mse": 1.1922184073813168e-11,
        "evs_error": -5.7168270117813336e-11,
        "r2": -1.8701364165357957
    }
}