{
    "RatQuad": {
        "mse": 1.2263159701427428e-12,
        "evs_error": 1.3272716259393746e-11,
        "r2": -0.4430612150927873
    }
}