{
    "RatQuad": {
        "mse": 3.4616127335095274e-12,
        "evs_error": -3.784594859723711e-11,
        "r2": -0.8166169284232143
    }
}