{
    "RatQuad": {
        "mse": 1.0928338339985877e-11,
        "evs_error": -5.607958541986591e-11,
        "r2": -1.746311956937054
    }
}