{
    "RatQuad": {
        "mse": 1.0029806000940494e-12,
        "evs_error": -2.3501200985265314e-12,
        "r2": -0.5221056262806232
    }
}