{
    "RatQuad": {
        "mse": 5.969891507088175e-12,
        "evs_error": 3.1381564014054675e-12,
        "r2": -1.8233465564518152
    }
}