{
    "RatQuad": {
        "mse": 1.0353048755498126e-12,
        "evs_error": 8.139489082736873e-12,
        "r2": -0.4189197687489463
    }
}