{
    "RatQuad": {
        "mse": 1.4331261105912086e-12,
        "evs_error": 9.36584143573782e-13,
        "r2": -0.6104617203536944
    }
}