{
    "RatQuad": {
        "mse": 1.1419928840747676e-12,
        "evs_error": -8.659739592076221e-13,
        "r2": -0.44268972234010784
    }
}