{
    "RatQuad": {
        "mse": 1.0879393803826441e-12,
        "evs_error": 5.0042192611954306e-12,
        "r2": -0.4196696230357191
    }
}