{
    "RatQuad": {
        "mse": 1.2782581080813225e-12,
        "evs_error": 9.635625630721734e-13,
        "r2": -0.6242241959869848
    }
}