{
    "RatQuad": {
        "mse": 1.2065509784042207e-12,
        "evs_error": 1.4422574245998021e-11,
        "r2": -0.43143582512685574
    }
}