{
    "RatQuad": {
        "mse": 1.13319025240466e-12,
        "evs_error": 1.767730406498913e-11,
        "r2": -0.39075011760804546
    }
}