{
    "RatQuad": {
        "mse": 1.913609784730626e-12,
        "evs_error": -6.852296507986466e-12,
        "r2": -0.7726214378409182
    }
}