{
    "RatQuad": {
        "mse": 1.1958652621328766e-11,
        "evs_error": -5.7031934730389366e-11,
        "r2": -1.8474167142308002
    }
}