{
    "RatQuad": {
        "mse": 1.0696543041382265e-12,
        "evs_error": 2.1310508913074955e-11,
        "r2": -0.3845068684358979
    }
}