{
    "RatQuad": {
        "mse": 1.946517375617935e-12,
        "evs_error": -1.021716045102039e-11,
        "r2": -0.7595293834511865
    }
}