{
    "RatQuad": {
        "mse": 1.0332290322917234e-12,
        "evs_error": 3.5009772858529686e-12,
        "r2": -0.5202414139804443
    }
}