{
    "RatQuad": {
        "mse": 1.0453681478586317e-12,
        "evs_error": 6.34847729941157e-12,
        "r2": -0.4876502387504926
    }
}