{
    "RatQuad": {
        "mse": 4.600870560416247e-12,
        "evs_error": -1.291189377639057e-12,
        "r2": -2.3931753806052747
    }
}