{
    "RatQuad": {
        "mse": 2.116529785641691e-12,
        "evs_error": -1.0486056467584604e-11,
        "r2": -0.833564076202528
    }
}