{
    "RatQuad": {
        "mse": 1.1300261014341344e-12,
        "evs_error": 7.872591467616985e-13,
        "r2": -0.5854575104031017
    }
}