{
    "RatQuad": {
        "mse": 1.1114213742932017e-12,
        "evs_error": 1.859268294879257e-11,
        "r2": -0.46698784432346074
    }
}