{
    "RatQuad": {
        "mse": 6.167962540815997e-12,
        "evs_error": 1.1479150963111806e-11,
        "r2": -2.0184650985319474
    }
}