{
    "RatQuad": {
        "mse": 3.950956844120406e-12,
        "evs_error": -1.7215118219837677e-12,
        "r2": -1.3631550557589818
    }
}