{
    "RatQuad": {
        "mse": 3.739185297439062e-12,
        "evs_error": -3.9118930317272316e-11,
        "r2": -0.8246514945965766
    }
}