{
    "RatQuad": {
        "mse": 1.0450842183768448e-12,
        "evs_error": 2.0107471243591135e-11,
        "r2": -0.4117543533478665
    }
}