{
    "RatQuad": {
        "mse": 1.0545423160188112e-12,
        "evs_error": 2.2866153415179724e-12,
        "r2": -0.5408881366778315
    }
}