{
    "RatQuad": {
        "mse": 6.034491363627544e-12,
        "evs_error": -4.698752498200065e-11,
        "r2": -1.1651712937688372
    }
}