{
    "RatQuad": {
        "mse": 1.0716508327226265e-12,
        "evs_error": 2.346223215710097e-11,
        "r2": -0.3985204074055606
    }
}