{
    "RatQuad": {
        "mse": 1.112348598056409e-12,
        "evs_error": 1.4335199693960021e-12,
        "r2": -0.4205402078352385
    }
}