{
    "RatQuad": {
        "mse": 1.3042706270710309e-12,
        "evs_error": 6.696310173026632e-12,
        "r2": -0.5125615458858217
    }
}