{
    "RatQuad": {
        "mse": 1.1768123598048875e-12,
        "evs_error": 1.4089396316308012e-11,
        "r2": -0.4031216422654045
    }
}