{
    "RatQuad": {
        "mse": 7.822500261249719e-12,
        "evs_error": -5.452083229329219e-12,
        "r2": -1.9480406071464196
    }
}