{
    "RatQuad": {
        "mse": 1.1025372714498088e-12,
        "evs_error": 1.2969958440578466e-11,
        "r2": -0.38306361018144863
    }
}