{
    "RatQuad": {
        "mse": 1.042650235588988e-12,
        "evs_error": 6.717515432796972e-12,
        "r2": -0.4149883242048866
    }
}