{
    "RatQuad": {
        "mse": 1.1372669710093735e-12,
        "evs_error": -3.554045946430051e-12,
        "r2": -0.4616341889101754
    }
}