{
    "RatQuad": {
        "mse": 1.4396851943420712e-12,
        "evs_error": -1.9517498728305327e-11,
        "r2": -0.6202781553162626
    }
}