{
    "RatQuad": {
        "mse": 1.0178673930677387e-12,
        "evs_error": 7.432165993748185e-12,
        "r2": -0.46370030175586163
    }
}