{
    "RatQuad": {
        "mse": 1.1937006979215434e-12,
        "evs_error": 2.1538326677728037e-13,
        "r2": -0.6332228227898618
    }
}