{
    "RatQuad": {
        "mse": 1.1769764268711163e-12,
        "evs_error": 1.8104295840259965e-11,
        "r2": -0.4294337832780324
    }
}