{
    "RatQuad": {
        "mse": 8.35991408058947e-12,
        "evs_error": -5.267808411701935e-11,
        "r2": -1.4799129629597498
    }
}