{
    "RatQuad": {
        "mse": 1.120700590685914e-12,
        "evs_error": 1.518951631140908e-11,
        "r2": -0.3794633875907547
    }
}