{
    "RatQuad": {
        "mse": 1.1614296661997049e-12,
        "evs_error": 1.6433965299711417e-11,
        "r2": -0.4702612285353067
    }
}