{
    "RatQuad": {
        "mse": 1.0208557297547514e-12,
        "evs_error": 3.325340003357269e-12,
        "r2": -0.48136668261317883
    }
}