{
    "RatQuad": {
        "mse": 1.5103487680428258e-12,
        "evs_error": -1.3549383837130335e-11,
        "r2": -0.7634918807091937
    }
}