{
    "RatQuad": {
        "mse": 1.1224280292213153e-12,
        "evs_error": 2.261224540944795e-11,
        "r2": -0.4126354532474301
    }
}