{
    "RatQuad": {
        "mse": 1.1369892253925496e-12,
        "evs_error": 1.3725909298045735e-11,
        "r2": -0.3806804399376209
    }
}