{
    "RatQuad": {
        "mse": 6.807431133639574e-12,
        "evs_error": -5.3515414322191646e-11,
        "r2": -1.2650114689995093
    }
}