{
    "RatQuad": {
        "mse": 1.376941681405475e-12,
        "evs_error": 7.812195335077377e-12,
        "r2": -0.5078823923494924
    }
}