{
    "RatQuad": {
        "mse": 1.0820442263104654e-12,
        "evs_error": 2.0569212999532738e-11,
        "r2": -0.3776208955283751
    }
}