{
    "RatQuad": {
        "mse": 1.2051594054311816e-12,
        "evs_error": 1.2185696895983256e-11,
        "r2": -0.42213515904659427
    }
}