{
    "RatQuad": {
        "mse": 8.355618084274223e-12,
        "evs_error": -5.749667408849746e-11,
        "r2": -1.4373279323495365
    }
}