{
    "RatQuad": {
        "mse": 1.1769916998359545e-12,
        "evs_error": -3.1386004906153175e-12,
        "r2": -0.4623214700170428
    }
}