{
    "RatQuad": {
        "mse": 7.598222592704117e-12,
        "evs_error": -1.4559020655724453e-11,
        "r2": -1.9127770924622847
    }
}