{
    "RatQuad": {
        "mse": 1.0671872100400002e-12,
        "evs_error": 1.889532974530539e-11,
        "r2": -0.4349350722690579
    }
}