{
    "RatQuad": {
        "mse": 1.5855959670366585e-12,
        "evs_error": -8.250289340594463e-12,
        "r2": -0.7581056939664907
    }
}