{
    "RatQuad": {
        "mse": 1.335788336859114e-12,
        "evs_error": 4.2077452633293433e-13,
        "r2": -0.5424146693086618
    }
}