{
    "RatQuad": {
        "mse": 1.1888577134888681e-12,
        "evs_error": 1.6220247367471075e-11,
        "r2": -0.42248084192545243
    }
}