{
    "RatQuad": {
        "mse": 3.152973763316657e-12,
        "evs_error": -9.379386156638247e-12,
        "r2": -1.1460136425457885
    }
}