{
    "RatQuad": {
        "mse": 4.972669567924288e-12,
        "evs_error": -1.1190381954406803e-11,
        "r2": -1.4674552114152024
    }
}