{
    "RatQuad": {
        "mse": 1.0755324646565774e-12,
        "evs_error": 7.69584396209666e-12,
        "r2": -0.4109641184218127
    }
}