{
    "RatQuad": {
        "mse": 4.739365223649412e-12,
        "evs_error": -1.9880985746567603e-11,
        "r2": -1.4289935653479868
    }
}