{
    "RatQuad": {
        "mse": 9.14810206663051e-12,
        "evs_error": -5.440048411742282e-11,
        "r2": -1.54034344272038
    }
}