{
    "RatQuad": {
        "mse": 1.0921491414398122e-12,
        "evs_error": 2.0652923815589475e-11,
        "r2": -0.42619936238954126
    }
}