{
    "RatQuad": {
        "mse": 1.2621934607064853e-12,
        "evs_error": 6.6420202671224615e-12,
        "r2": -0.5399464795969047
    }
}