{
    "RatQuad": {
        "mse": 1.1596400574623577e-12,
        "evs_error": 1.607036725914668e-11,
        "r2": -0.4690135602725656
    }
}