{
    "RatQuad": {
        "mse": 1.2403072384992859e-12,
        "evs_error": 1.1570522318038456e-11,
        "r2": -0.4398007500032366
    }
}