{
    "RatQuad": {
        "mse": 2.694895872031826e-12,
        "evs_error": -3.5840219680949303e-12,
        "r2": -1.0328006118730273
    }
}