{
    "RatQuad": {
        "mse": 1.333047521764942e-12,
        "evs_error": -7.176037541967162e-12,
        "r2": -0.8310202359603069
    }
}