{
    "RatQuad": {
        "mse": 1.070313601887819e-12,
        "evs_error": 1.1197598404066866e-11,
        "r2": -0.43477883927759664
    }
}