{
    "RatQuad": {
        "mse": 2.6041387445622915e-12,
        "evs_error": -5.906164446400908e-12,
        "r2": -0.9921049684771919
    }
}