{
    "RatQuad": {
        "mse": 1.0240883284884088e-11,
        "evs_error": 1.3939183141076228e-11,
        "r2": -2.4647562126096036
    }
}