{
    "RatQuad": {
        "mse": 1.1195586946873495e-12,
        "evs_error": 1.8936519019518983e-11,
        "r2": -0.38565917689321205
    }
}