{
    "RatQuad": {
        "mse": 1.2509238710621408e-12,
        "evs_error": 7.186584660701101e-12,
        "r2": -0.4636404398542662
    }
}