{
    "RatQuad": {
        "mse": 1.0992187070933887e-12,
        "evs_error": 1.4456769115156476e-11,
        "r2": -0.4800606922050137
    }
}