{
    "RatQuad": {
        "mse": 1.0729586084578261e-12,
        "evs_error": 2.3476554034118635e-11,
        "r2": -0.39770282177860294
    }
}