{
    "RatQuad": {
        "mse": 1.5761812370965216e-12,
        "evs_error": -2.4875657089751257e-12,
        "r2": -0.7748295401920884
    }
}