{
    "RatQuad": {
        "mse": 1.628110620391357e-12,
        "evs_error": -1.5604628700316425e-11,
        "r2": -1.1185801873193233
    }
}