{
    "RatQuad": {
        "mse": 1.0797329019549012e-12,
        "evs_error": 1.4271028803136687e-11,
        "r2": -0.3797795030544746
    }
}