{
    "RatQuad": {
        "mse": 1.0475980537497585e-12,
        "evs_error": 2.347899652477281e-12,
        "r2": -0.5325165451500182
    }
}