{
    "RatQuad": {
        "mse": 1.7336890794125582e-12,
        "evs_error": -4.255928942598075e-12,
        "r2": -0.7360617913011329
    }
}