{
    "RatQuad": {
        "mse": 9.841608284654304e-13,
        "evs_error": 1.8456347561368602e-12,
        "r2": -0.566130062170281
    }
}