{
    "RatQuad": {
        "mse": 9.991721145601633e-13,
        "evs_error": 5.565325977840985e-12,
        "r2": -0.4354876536949399
    }
}