{
    "RatQuad": {
        "mse": 7.380827102651643e-12,
        "evs_error": -5.15998355155034e-11,
        "r2": -1.3640006819078025
    }
}