{
    "RatQuad": {
        "mse": 6.234630778015553e-12,
        "evs_error": -5.206013398151299e-11,
        "r2": -1.1832052361134182
    }
}