{
    "RatQuad": {
        "mse": 8.803162220557677e-12,
        "evs_error": -5.3723248072401475e-11,
        "r2": -1.5224424539553798
    }
}