{
    "RatQuad": {
        "mse": 1.0146671247730049e-12,
        "evs_error": 1.580835462533514e-11,
        "r2": -0.40229561880240383
    }
}