{
    "RatQuad": {
        "mse": 1.401371242851316e-12,
        "evs_error": 4.083400284571326e-13,
        "r2": -0.5779826866398263
    }
}