{
    "RatQuad": {
        "mse": 1.9110440051151906e-12,
        "evs_error": -1.3062662063134667e-11,
        "r2": -0.776572460989154
    }
}