{
    "RatQuad": {
        "mse": 1.0206866302769117e-12,
        "evs_error": 8.304579246498633e-12,
        "r2": -0.4292390811193523
    }
}