{
    "RatQuad": {
        "mse": 1.517344986859889e-12,
        "evs_error": -9.381606602687498e-12,
        "r2": -0.7234131143484459
    }
}