{
    "RatQuad": {
        "mse": 1.0413735090768193e-12,
        "evs_error": 2.101852025759854e-11,
        "r2": -0.3983835022824347
    }
}