{
    "RatQuad": {
        "mse": 1.02018532202513e-12,
        "evs_error": 4.676370402023622e-12,
        "r2": -0.5020301460930894
    }
}