{
    "RatQuad": {
        "mse": 7.536110718001658e-12,
        "evs_error": -5.640843347975988e-11,
        "r2": -1.338921013760344
    }
}