{
    "RatQuad": {
        "mse": 1.1175626494276468e-12,
        "evs_error": 2.178035529709632e-11,
        "r2": -0.39312457264585854
    }
}