{
    "RatQuad": {
        "mse": 1.0931415604086475e-12,
        "evs_error": 1.0269007866270385e-11,
        "r2": -0.38542017890117797
    }
}