{
    "RatQuad": {
        "mse": 1.1984554224170487e-12,
        "evs_error": 1.0608292022595833e-11,
        "r2": -0.5299091421447353
    }
}