{
    "RatQuad": {
        "mse": 3.742388445289022e-12,
        "evs_error": -2.6922908347160046e-12,
        "r2": -1.292596124701756
    }
}