{
    "RatQuad": {
        "mse": 5.697726443412172e-12,
        "evs_error": 8.047451593995447e-12,
        "r2": -1.6932934905235424
    }
}