{
    "RatQuad": {
        "mse": 5.571255328962891e-12,
        "evs_error": -4.941935749513959e-11,
        "r2": -1.3216237872795098
    }
}