{
    "RatQuad": {
        "mse": 1.148305122371843e-12,
        "evs_error": 1.9969026432420378e-11,
        "r2": -0.41226243206785873
    }
}