{
    "RatQuad": {
        "mse": 1.0981300668598177e-12,
        "evs_error": 2.2182478076615553e-11,
        "r2": -0.4104819456900288
    }
}