{
    "RatQuad": {
        "mse": 2.1634055205181515e-12,
        "evs_error": -1.120481485372693e-11,
        "r2": -0.841449400981384
    }
}