{
    "RatQuad": {
        "mse": 2.009973019583056e-12,
        "evs_error": -2.7587043760490815e-11,
        "r2": -0.6939250083096373
    }
}