{
    "RatQuad": {
        "mse": 1.1664959782316699e-12,
        "evs_error": 1.493982715317088e-11,
        "r2": -0.4024750466553739
    }
}