{
    "RatQuad": {
        "mse": 1.1226798355770166e-12,
        "evs_error": 6.397105067890152e-12,
        "r2": -0.3981304428152508
    }
}