{
    "RatQuad": {
        "mse": 1.1543349276540841e-12,
        "evs_error": -3.695266315162371e-12,
        "r2": -0.4667373183549235
    }
}