{
    "RatQuad": {
        "mse": 1.0102798630310275e-12,
        "evs_error": 3.75743880454138e-12,
        "r2": -0.4934342122648465
    }
}