{
    "RatQuad": {
        "mse": 7.189420138672053e-11,
        "evs_error": 7.550593483784951e-11,
        "r2": -10.093769190664126
    }
}