{
    "RatQuad": {
        "mse": 1.1514544839947558e-12,
        "evs_error": 1.958566642201731e-11,
        "r2": -0.41146664275287237
    }
}