{
    "RatQuad": {
        "mse": 1.1119010143308921e-12,
        "evs_error": -5.099032307498419e-12,
        "r2": -0.6705405707073124
    }
}