{
    "RatQuad": {
        "mse": 1.0433992048014348e-12,
        "evs_error": 1.567856955375646e-12,
        "r2": -0.5074620761963882
    }
}