{
    "RatQuad": {
        "mse": 1.1230619702981592e-12,
        "evs_error": 1.3368750551023822e-11,
        "r2": -0.3766890367922351
    }
}