{
    "RatQuad": {
        "mse": 1.0185386600392143e-12,
        "evs_error": 4.1944225870338414e-12,
        "r2": -0.4761603467295423
    }
}