{
    "RatQuad": {
        "mse": 1.0613859906823406e-12,
        "evs_error": 2.0551338408836273e-12,
        "r2": -0.46118590138729765
    }
}