{
    "RatQuad": {
        "mse": 1.3384054610377882e-12,
        "evs_error": 4.632960681760778e-13,
        "r2": -0.5800927228829122
    }
}