{
    "RatQuad": {
        "mse": 1.0235072770358668e-12,
        "evs_error": 2.34035013590983e-12,
        "r2": -0.49421179600470166
    }
}