{
    "RatQuad": {
        "mse": 1.2984654481676457e-12,
        "evs_error": -1.4070078435679534e-11,
        "r2": -0.5826773916388377
    }
}