{
    "RatQuad": {
        "mse": 1.2326844961855786e-11,
        "evs_error": -5.775113720574154e-11,
        "r2": -1.8926758411490856
    }
}