{
    "RatQuad": {
        "mse": 1.0154733193308066e-12,
        "evs_error": 4.009792498038678e-12,
        "r2": -0.47561717462482567
    }
}