{
    "RatQuad": {
        "mse": 1.361755542591285e-12,
        "evs_error": -4.1100456371623295e-13,
        "r2": -0.6387898261677414
    }
}