{
    "RatQuad": {
        "mse": 1.1299663924186425e-12,
        "evs_error": 1.0009992834625336e-11,
        "r2": -0.39874658446463584
    }
}