{
    "RatQuad": {
        "mse": 1.156963471274771e-12,
        "evs_error": 2.0476953466186387e-11,
        "r2": -0.417991074222658
    }
}