{
    "RatQuad": {
        "mse": 1.3368892409632971e-12,
        "evs_error": 1.6454615447969445e-12,
        "r2": -0.5396459610470219
    }
}