{
    "RatQuad": {
        "mse": 1.286804280092091e-12,
        "evs_error": 3.892774991243186e-12,
        "r2": -0.49568345403867675
    }
}