{
    "RatQuad": {
        "mse": 1.2246024093276727e-12,
        "evs_error": 1.2350898082047479e-11,
        "r2": -0.4350825104862104
    }
}