{
    "RatQuad": {
        "mse": 1.1125438202090485e-12,
        "evs_error": 8.169576126704214e-12,
        "r2": -0.3893273418177563
    }
}