{
    "RatQuad": {
        "mse": 1.0533035160557142e-12,
        "evs_error": 1.0987877274715174e-12,
        "r2": -0.5601461794546296
    }
}