{
    "RatQuad": {
        "mse": 1.281898459554876e-12,
        "evs_error": -4.993783164763954e-12,
        "r2": -0.5908534523607671
    }
}