{
    "RatQuad": {
        "mse": 1.124896144161599e-12,
        "evs_error": 1.2381207170619746e-11,
        "r2": -0.38201979024923505
    }
}