{
    "RatQuad": {
        "mse": 7.1782466587885845e-12,
        "evs_error": -5.575806483193446e-11,
        "r2": -1.2905004159155427
    }
}