{
    "RatQuad": {
        "mse": 1.0739425019025253e-12,
        "evs_error": 1.4057754960106195e-11,
        "r2": -0.3790432182952346
    }
}