{
    "RatQuad": {
        "mse": 1.1724044267567996e-12,
        "evs_error": -5.786260359741391e-12,
        "r2": -0.4865561034336061
    }
}