{
    "RatQuad": {
        "mse": 8.022415705860307e-12,
        "evs_error": -1.0625500479477523e-11,
        "r2": -1.9732168404017734
    }
}