{
    "RatQuad": {
        "mse": 2.0789153544470045e-12,
        "evs_error": -5.1569637449233596e-11,
        "r2": -1.26470609816129
    }
}