{
    "Matern32": {
        "mse": 1.0206866302945572e-12,
        "evs_error": -1.145683548031684e-11,
        "r2": -0.42923908114406073
    }
}