{
    "Matern32": {
        "mse": 7.189420138700458e-11,
        "evs_error": 5.842559769320133e-11,
        "r2": -10.093769190707956
    }
}