{
    "Matern32": {
        "mse": 1.2467982117823543e-12,
        "evs_error": -2.3061996756723602e-11,
        "r2": -0.46594449157519957
    }
}