{
    "Matern32": {
        "mse": 1.7509191015815926e-12,
        "evs_error": -3.9688696773509946e-11,
        "r2": -1.561500769333731
    }
}