{
    "Matern32": {
        "mse": 1.1231647100354363e-12,
        "evs_error": -6.915357175785175e-12,
        "r2": -0.38848271676518586
    }
}