{
    "Matern32": {
        "mse": 1.127441168287546e-12,
        "evs_error": -1.885513967181396e-11,
        "r2": -0.43584139743785566
    }
}