{
    "Matern32": {
        "mse": 4.0437255096981805e-12,
        "evs_error": -1.0010370310453709e-10,
        "r2": -2.173924839337364
    }
}