{
    "Matern32": {
        "mse": 1.1419928840931972e-12,
        "evs_error": -1.929700843561477e-11,
        "r2": -0.4426897223633903
    }
}