{
    "Matern32": {
        "mse": 1.1113807396361163e-12,
        "evs_error": -1.5879075832003764e-11,
        "r2": -0.4238812599766215
    }
}