{
    "Matern32": {
        "mse": 1.0729586084757479e-12,
        "evs_error": 5.3762549967473205e-12,
        "r2": -0.3977028218019487
    }
}