{
    "Matern32": {
        "mse": 1.1175626494457184e-12,
        "evs_error": 4.390821040090032e-12,
        "r2": -0.3931245726683861
    }
}