{
    "Matern32": {
        "mse": 1.0879393804006406e-12,
        "evs_error": -1.3599121828633542e-11,
        "r2": -0.41966962305920297
    }
}