{
    "Matern32": {
        "mse": 1.1419966283243131e-12,
        "evs_error": -2.225952755452454e-11,
        "r2": -0.4634751323087274
    }
}