{
    "Matern32": {
        "mse": 1.0696543041558423e-12,
        "evs_error": 3.5775826745521044e-12,
        "r2": -0.38450686845869875
    }
}