{
    "Matern32": {
        "mse": 1.1150726519991856e-12,
        "evs_error": -4.321654145655884e-12,
        "r2": -0.38261868955861744
    }
}