{
    "Matern32": {
        "mse": 1.7460029498009992e-12,
        "evs_error": -3.1731950400626374e-11,
        "r2": -0.5342520031936056
    }
}