{
    "Matern32": {
        "mse": 1.2622760935794286e-12,
        "evs_error": -1.0201395284070713e-11,
        "r2": -0.4741280913093904
    }
}