{
    "Matern32": {
        "mse": 1.0419517010814092e-12,
        "evs_error": 2.910005569844998e-12,
        "r2": -0.3898873975161725
    }
}