{
    "Matern32": {
        "mse": 1.5875767294186063e-12,
        "evs_error": -1.5841994382981284e-11,
        "r2": -0.47153082107090616
    }
}