{
    "Matern32": {
        "mse": 1.1768123598230804e-12,
        "evs_error": -2.4575896873102465e-12,
        "r2": -0.403121642287096
    }
}