{
    "Matern32": {
        "mse": 7.38082710272048e-12,
        "evs_error": -6.802336471878334e-11,
        "r2": -1.3640006819298507
    }
}