{
    "Matern32": {
        "mse": 1.25072857487002e-12,
        "evs_error": -1.5362378036343216e-11,
        "r2": -0.4091319589562068
    }
}