{
    "Matern32": {
        "mse": 6.034491363687221e-12,
        "evs_error": -6.311950961901402e-11,
        "r2": -1.165171293790249
    }
}