{
    "Matern32": {
        "mse": 1.3019455969402527e-12,
        "evs_error": -3.077493815339949e-11,
        "r2": -0.7495802482626162
    }
}