{
    "Matern32": {
        "mse": 2.500059279684647e-12,
        "evs_error": -4.358891025901812e-11,
        "r2": -0.6643993419163556
    }
}