{
    "Matern32": {
        "mse": 1.1149513769732398e-12,
        "evs_error": -9.71356328705042e-12,
        "r2": -0.3933167831889284
    }
}