{
    "Matern32": {
        "mse": 6.234630778076749e-12,
        "evs_error": -6.805289665123837e-11,
        "r2": -1.1832052361348473
    }
}