{
    "Matern32": {
        "mse": 1.1937006979432655e-12,
        "evs_error": -2.3321566899880963e-11,
        "r2": -0.633222822819582
    }
}