{
    "Matern32": {
        "mse": 1.1614368791393763e-12,
        "evs_error": -1.3934631226675265e-11,
        "r2": -0.5439466490313383
    }
}