{
    "Matern32": {
        "mse": 5.5712553290189e-12,
        "evs_error": -6.695266563383484e-11,
        "r2": -1.3216237873028494
    }
}