{
    "Matern32": {
        "mse": 1.1147855634575492e-12,
        "evs_error": -2.701527890280886e-11,
        "r2": -0.6627614626117597
    }
}