{
    "Matern32": {
        "mse": 1.1207005907035491e-12,
        "evs_error": -1.6651124923328098e-12,
        "r2": -0.3794633876124618
    }
}