{
    "Matern32": {
        "mse": 1.192218407390996e-11,
        "evs_error": -7.406053548209002e-11,
        "r2": -1.8701364165590975
    }
}