{
    "Matern32": {
        "mse": 1.2764119853171438e-12,
        "evs_error": -9.906298004125347e-12,
        "r2": -0.48436533526229786
    }
}