{
    "Matern32": {
        "mse": 7.53611071807238e-12,
        "evs_error": -7.257217049527753e-11,
        "r2": -1.3389210137822936
    }
}