{
    "Matern32": {
        "mse": 1.0669945589067372e-12,
        "evs_error": -2.7298385774088274e-11,
        "r2": -0.6398809603685958
    }
}