{
    "Matern32": {
        "mse": 1.12306197031578e-12,
        "evs_error": -3.488320743372242e-12,
        "r2": -0.37668903681383537
    }
}