{
    "Matern32": {
        "mse": 1.910018934167947e-12,
        "evs_error": -3.835243234107111e-11,
        "r2": -1.1777707937905055
    }
}