{
    "Matern32": {
        "mse": 1.0681928712392786e-12,
        "evs_error": 1.220579193272897e-12,
        "r2": -0.421218765391671
    }
}