{
    "Matern32": {
        "mse": 2.078915354474175e-12,
        "evs_error": -7.344347352500336e-11,
        "r2": -1.2647060981908886
    }
}