{
    "Matern32": {
        "mse": 1.0662710480851226e-12,
        "evs_error": -2.1762813773307244e-11,
        "r2": -0.5608109615864159
    }
}