{
    "Matern32": {
        "mse": 1.1692481137412334e-12,
        "evs_error": -2.3989255026890532e-11,
        "r2": -0.6353668279455085
    }
}