{
    "Matern32": {
        "mse": 9.16205739260693e-12,
        "evs_error": -7.082046060702396e-11,
        "r2": -1.570802270759358
    }
}