{
    "Matern32": {
        "mse": 1.0545423160379708e-12,
        "evs_error": -1.9858115152260325e-11,
        "r2": -0.5408881367058276
    }
}