{
    "Matern32": {
        "mse": 1.1724044267756143e-12,
        "evs_error": -2.478350857870737e-11,
        "r2": -0.4865561034574626
    }
}