{
    "Matern32": {
        "mse": 8.359914080664283e-12,
        "evs_error": -6.917844075360335e-11,
        "r2": -1.4799129629819427
    }
}