{
    "Matern32": {
        "mse": 1.148305122390089e-12,
        "evs_error": 3.0386804183990535e-12,
        "r2": -0.412262432090299
    }
}