{
    "Matern32": {
        "mse": 1.628110620417456e-12,
        "evs_error": -4.11519707199659e-11,
        "r2": -1.1185801873532846
    }
}