{
    "Matern32": {
        "mse": 1.333047521788047e-12,
        "evs_error": -3.178746155185763e-11,
        "r2": -0.8310202359920433
    }
}