{
    "Matern32": {
        "mse": 1.166495978249767e-12,
        "evs_error": -1.695310558602614e-12,
        "r2": -0.4024750466771321
    }
}