{
    "Matern32": {
        "mse": 1.047001132420195e-12,
        "evs_error": -2.1018742302203464e-11,
        "r2": -0.504824238691401
    }
}