{
    "Matern32": {
        "mse": 1.1123485980741943e-12,
        "evs_error": -1.6611378939046517e-11,
        "r2": -0.42054020785795143
    }
}