{
    "Matern32": {
        "mse": 1.119558694705265e-12,
        "evs_error": 1.8606227669693e-12,
        "r2": -0.38565917691538587
    }
}