{
    "Matern32": {
        "mse": 1.0671872100587849e-12,
        "evs_error": -7.58948459633757e-13,
        "r2": -0.4349350722943155
    }
}