{
    "Matern32": {
        "mse": 1.281898459575208e-12,
        "evs_error": -2.371414176138842e-11,
        "r2": -0.5908534523859996
    }
}