{
    "Matern32": {
        "mse": 1.0146671247906998e-12,
        "evs_error": -3.658628955349741e-12,
        "r2": -0.4022956188268585
    }
}