{
    "Matern32": {
        "mse": 1.2744546705845878e-12,
        "evs_error": -1.0684564344387582e-11,
        "r2": -0.48448208988058084
    }
}