{
    "Matern32": {
        "mse": 1.1245476848605163e-12,
        "evs_error": -3.238675994055029e-11,
        "r2": -0.7467553054845177
    }
}