{
    "Matern32": {
        "mse": 1.1084791991354768e-12,
        "evs_error": -6.153522136287393e-12,
        "r2": -0.38196657159364067
    }
}