{
    "Matern32": {
        "mse": 1.0353048755676131e-12,
        "evs_error": -1.1392442544888581e-11,
        "r2": -0.4189197687733426
    }
}