{
    "EXPQuad": {
        "mse": 1.3769416814371467e-12,
        "evs_error": -2.1167956276713085e-11,
        "r2": -0.507882392384176
    }
}