{
    "EXPQuad": {
        "mse": 1.2326844961730754e-11,
        "evs_error": -8.656031447173973e-11,
        "r2": -1.892675841119745
    }
}