{
    "EXPQuad": {
        "mse": 1.0921491414680561e-12,
        "evs_error": -8.93152218850446e-12,
        "r2": -0.426199362426424
    }
}