{
    "EXPQuad": {
        "mse": 1.1025372714747688e-12,
        "evs_error": -1.3565815137894788e-11,
        "r2": -0.38306361021275936
    }
}