{
    "EXPQuad": {
        "mse": 1.122679835600706e-12,
        "evs_error": -1.9935830763984086e-11,
        "r2": -0.3981304428447523
    }
}