{
    "EXPQuad": {
        "mse": 1.3042706271057785e-12,
        "evs_error": -2.9370061938038816e-11,
        "r2": -0.5125615459261186
    }
}