{
    "EXPQuad": {
        "mse": 1.0835009315629698e-12,
        "evs_error": -4.370903639028256e-11,
        "r2": -0.580192270887484
    }
}