{
    "EXPQuad": {
        "mse": 1.5761812371346264e-12,
        "evs_error": -5.4459770026937804e-11,
        "r2": -0.7748295402349956
    }
}