{
    "EXPQuad": {
        "mse": 1.0739425019265075e-12,
        "evs_error": -1.1652900866465643e-11,
        "r2": -0.37904321832602994
    }
}