{
    "EXPQuad": {
        "mse": 1.176991699859417e-12,
        "evs_error": -3.206102050512527e-11,
        "r2": -0.4623214700461933
    }
}