{
    "EXPQuad": {
        "mse": 1.1428260741466726e-12,
        "evs_error": -4.8925086204576473e-11,
        "r2": -0.6402630004547598
    }
}