{
    "EXPQuad": {
        "mse": 1.7336890794593623e-12,
        "evs_error": -5.599631869301902e-11,
        "r2": -0.7360617913480012
    }
}