{
    "EXPQuad": {
        "mse": 2.6948958720721185e-12,
        "evs_error": -5.444622530603738e-11,
        "r2": -1.0328006119034203
    }
}