{
    "EXPQuad": {
        "mse": 1.0029806001173904e-12,
        "evs_error": -3.820388450037626e-11,
        "r2": -0.5221056263160448
    }
}