{
    "EXPQuad": {
        "mse": 1.2169385104548628e-12,
        "evs_error": -1.276978522923855e-11,
        "r2": -0.4325172123361942
    }
}