{
    "EXPQuad": {
        "mse": 1.2868042801184894e-12,
        "evs_error": -2.205391425036396e-11,
        "r2": -0.4956834540693602
    }
}