{
    "EXPQuad": {
        "mse": 1.0716508327495598e-12,
        "evs_error": -4.289013588731905e-12,
        "r2": -0.39852040744070893
    }
}