{
    "EXPQuad": {
        "mse": 4.97266956795413e-12,
        "evs_error": -6.148059839006237e-11,
        "r2": -1.4674552114300101
    }
}