{
    "EXPQuad": {
        "mse": 1.0154761655750135e-12,
        "evs_error": -2.94178015280977e-11,
        "r2": -0.4596728132366388
    }
}