{
    "EXPQuad": {
        "mse": 1.0262798400445827e-12,
        "evs_error": -3.106936929953008e-11,
        "r2": -0.4679457070744746
    }
}