{
    "EXPQuad": {
        "mse": 1.1653866233289092e-12,
        "evs_error": -2.4936053222290866e-11,
        "r2": -0.48278732853114104
    }
}