{
    "EXPQuad": {
        "mse": 8.02241570585161e-12,
        "evs_error": -6.125566720527331e-11,
        "r2": -1.9732168403985502
    }
}