{
    "EXPQuad": {
        "mse": 7.822500261235907e-12,
        "evs_error": -5.475753184214227e-11,
        "r2": -1.948040607141214
    }
}