{
    "EXPQuad": {
        "mse": 1.173796771826317e-11,
        "evs_error": -8.837264253713784e-11,
        "r2": -1.8251319426725718
    }
}