{
    "EXPQuad": {
        "mse": 4.7393652236893815e-12,
        "evs_error": -7.167044735467698e-11,
        "r2": -1.4289935653684722
    }
}