{
    "EXPQuad": {
        "mse": 1.3368892409919586e-12,
        "evs_error": -2.667821519253266e-11,
        "r2": -0.5396459610800304
    }
}