{
    "EXPQuad": {
        "mse": 1.0475980537782601e-12,
        "evs_error": -3.89963616953537e-11,
        "r2": -0.5325165451917129
    }
}