{
    "EXPQuad": {
        "mse": 1.0931415604321822e-12,
        "evs_error": -1.541855532138925e-11,
        "r2": -0.3854201789310052
    }
}