{
    "EXPQuad": {
        "mse": 1.2263159701695094e-12,
        "evs_error": -1.1798784171901389e-11,
        "r2": -0.44306121512428476
    }
}