{
    "EXPQuad": {
        "mse": 1.2403072385256545e-12,
        "evs_error": -1.3134604515130377e-11,
        "r2": -0.43980075003384633
    }
}