{
    "EXPQuad": {
        "mse": 1.2483680139821038e-12,
        "evs_error": -5.506151090628464e-11,
        "r2": -0.7200867255055718
    }
}