{
    "EXPQuad": {
        "mse": 1.1248961441868432e-12,
        "evs_error": -1.407518546159281e-11,
        "r2": -0.38201979028024957
    }
}