{
    "EXPQuad": {
        "mse": 1.0533035160845979e-12,
        "evs_error": -4.298650324585651e-11,
        "r2": -0.5601461794974121
    }
}