{
    "EXPQuad": {
        "mse": 1.946517375665622e-12,
        "evs_error": -5.85358428395466e-11,
        "r2": -0.7595293834942924
    }
}