{
    "EXPQuad": {
        "mse": 2.8534144911310598e-12,
        "evs_error": -5.590394813737021e-11,
        "r2": -0.7437920105771072
    }
}