{
    "EXPQuad": {
        "mse": 4.6008705604058754e-12,
        "evs_error": -6.082423453790398e-11,
        "r2": -2.3931753805976266
    }
}