{
    "EXPQuad": {
        "mse": 1.3122307008521717e-12,
        "evs_error": -2.7356783505183557e-11,
        "r2": -0.5360054944399537
    }
}