{
    "EXPQuad": {
        "mse": 1.2882921393390153e-12,
        "evs_error": -2.9789726241347125e-11,
        "r2": -0.5580800801174779
    }
}