{
    "EXPQuad": {
        "mse": 2.1634055205663537e-12,
        "evs_error": -6.149214470951847e-11,
        "r2": -0.8414494010224127
    }
}