{
    "EXPQuad": {
        "mse": 1.2065509784298888e-12,
        "evs_error": -9.487077790026888e-12,
        "r2": -0.43143582515730805
    }
}