{
    "EXPQuad": {
        "mse": 1.3384054610701912e-12,
        "evs_error": -3.354294619839493e-11,
        "r2": -0.5800927229211665
    }
}