{
    "EXPQuad": {
        "mse": 5.697726443411474e-12,
        "evs_error": -3.9686920416670546e-11,
        "r2": -1.6932934905232124
    }
}