{
    "EXPQuad": {
        "mse": 1.414719888366884e-12,
        "evs_error": -3.1207703088398375e-11,
        "r2": -0.5743459088045204
    }
}