{
    "EXPQuad": {
        "mse": 2.8116312918873233e-12,
        "evs_error": -5.855649298780463e-11,
        "r2": -1.0514579148916559
    }
}