{
    "EXPQuad": {
        "mse": 1.2837833783099743e-12,
        "evs_error": -3.065214748687595e-11,
        "r2": -0.5122610825428886
    }
}