{
    "EXPQuad": {
        "mse": 2.591989557763491e-12,
        "evs_error": -8.476841450999473e-11,
        "r2": -1.2829241802601632
    }
}