{
    "EXPQuad": {
        "mse": 1.1372669710320479e-12,
        "evs_error": -3.2586822129587745e-11,
        "r2": -0.46163418893931674
    }
}