{
    "EXPQuad": {
        "mse": 1.0450842184047178e-12,
        "evs_error": -1.0902612146423962e-11,
        "r2": -0.4117543533855188
    }
}