{
    "EXPQuad": {
        "mse": 1.0283980551113417e-12,
        "evs_error": -3.1424418622805206e-11,
        "r2": -0.4675083530813713
    }
}