{
    "EXPQuad": {
        "mse": 1.0942260237753557e-12,
        "evs_error": -1.2724710174438769e-11,
        "r2": -0.3801849069139367
    }
}