{
    "EXPQuad": {
        "mse": 8.355618084240215e-12,
        "evs_error": -8.58495496913747e-11,
        "r2": -1.4373279323396164
    }
}