{
    "EXPQuad": {
        "mse": 1.1139075890378068e-12,
        "evs_error": -3.0266900097331018e-12,
        "r2": -0.40371336173589567
    }
}