{
    "EXPQuad": {
        "mse": 1.1299663924424603e-12,
        "evs_error": -1.5127232799727608e-11,
        "r2": -0.3987465844941187
    }
}