{
    "EXPQuad": {
        "mse": 1.133653856133301e-11,
        "evs_error": -8.530509632009853e-11,
        "r2": -1.8030939759724123
    }
}