{
    "EXPQuad": {
        "mse": 7.17824665877696e-12,
        "evs_error": -8.371836557330425e-11,
        "r2": -1.290500415911834
    }
}