{
    "EXPQuad": {
        "mse": 4.114151146964407e-12,
        "evs_error": -4.937295017271026e-11,
        "r2": -1.3766875408817008
    }
}