{
    "EXPQuad": {
        "mse": 1.0240883284784991e-11,
        "evs_error": -3.079603239086737e-11,
        "r2": -2.464756212576077
    }
}