{
    "EXPQuad": {
        "mse": 2.434296865402074e-12,
        "evs_error": -6.707123745286481e-11,
        "r2": -0.9174440639339767
    }
}