{
    "EXPQuad": {
        "mse": 1.3708688303868364e-12,
        "evs_error": -5.501354927162083e-11,
        "r2": -0.7477364066651151
    }
}