{
    "EXPQuad": {
        "mse": 4.711595174179636e-12,
        "evs_error": -6.753442249873842e-11,
        "r2": -1.035626803680409
    }
}