{
    "EXPQuad": {
        "mse": 1.5173449868956562e-12,
        "evs_error": -5.55127055434923e-11,
        "r2": -0.7234131143890705
    }
}