{
    "EXPQuad": {
        "mse": 1.1331902524307164e-12,
        "evs_error": -7.999156892424253e-12,
        "r2": -0.3907501176400241
    }
}