{
    "EXPQuad": {
        "mse": 1.0116514415624084e-12,
        "evs_error": -3.5421443556060694e-11,
        "r2": -0.503037197473676
    }
}