{
    "EXPQuad": {
        "mse": 2.25070962298123e-12,
        "evs_error": -6.192579782293706e-11,
        "r2": -0.8446359220275115
    }
}