{
    "EXPQuad": {
        "mse": 3.1529737633556604e-12,
        "evs_error": -5.966915850308396e-11,
        "r2": -1.1460136425723353
    }
}