{
    "EXPQuad": {
        "mse": 7.283529302235425e-12,
        "evs_error": -8.345391044883854e-11,
        "r2": -1.5921231258105148
    }
}