{
    "EXPQuad": {
        "mse": 1.01788294904522e-12,
        "evs_error": -2.3154811401582265e-11,
        "r2": -0.43716580052464926
    }
}