{
    "EXPQuad": {
        "mse": 1.151467845633791e-12,
        "evs_error": -1.0119904914063227e-11,
        "r2": -0.38683419122529883
    }
}