{
    "EXPQuad": {
        "mse": 1.1300261014656067e-12,
        "evs_error": -4.5113024427223536e-11,
        "r2": -0.5854575104472577
    }
}