{
    "EXPQuad": {
        "mse": 1.055201026707302e-12,
        "evs_error": -4.925149177381627e-11,
        "r2": -0.6455823989089977
    }
}