{
    "EXPQuad": {
        "mse": 1.1119010143599026e-12,
        "evs_error": -5.0929704897839656e-11,
        "r2": -0.6705405707508985
    }
}