{
    "EXPQuad": {
        "mse": 1.1514544840206246e-12,
        "evs_error": -4.739542092124793e-12,
        "r2": -0.4114666427845828
    }
}