{
    "EXPQuad": {
        "mse": 1.1341954412237203e-12,
        "evs_error": -2.869904314195537e-11,
        "r2": -0.43645329684310585
    }
}