{
    "EXPQuad": {
        "mse": 1.2025180951171176e-12,
        "evs_error": -1.9586554600437012e-11,
        "r2": -0.515731643914193
    }
}