{
    "EXPQuad": {
        "mse": 9.84160828492803e-13,
        "evs_error": -4.177636014901509e-11,
        "r2": -0.5661300622138403
    }
}