{
    "EXPQuad": {
        "mse": 1.3657455380520372e-12,
        "evs_error": -3.673372717116763e-11,
        "r2": -0.5101565270365935
    }
}