{
    "EXPQuad": {
        "mse": 1.8249391811910083e-12,
        "evs_error": -5.5914828323011534e-11,
        "r2": -0.8023571973724841
    }
}