{
    "EXPQuad": {
        "mse": 1.018538660065191e-12,
        "evs_error": -3.151279237556537e-11,
        "r2": -0.47616034676719043
    }
}