{
    "EXPQuad": {
        "mse": 1.0413735091039545e-12,
        "evs_error": -8.817613306177918e-12,
        "r2": -0.39838350231887243
    }
}