{
    "EXPQuad": {
        "mse": 1.1769764268974147e-12,
        "evs_error": -6.397771201704927e-12,
        "r2": -0.42943378330997173
    }
}