{
    "EXPQuad": {
        "mse": 3.426167037278336e-12,
        "evs_error": -5.712519346445788e-11,
        "r2": -1.1675146446737505
    }
}