{
    "EXPQuad": {
        "mse": 1.2234908650177757e-11,
        "evs_error": -5.4041437991259045e-11,
        "r2": -2.5810037063597133
    }
}