{
    "EXPQuad": {
        "mse": 1.075532464681865e-12,
        "evs_error": -2.220978956302133e-11,
        "r2": -0.4109641184549868
    }
}