{
    "EXPQuad": {
        "mse": 1.0981300668869024e-12,
        "evs_error": -4.898748073856041e-12,
        "r2": -0.41048194572481744
    }
}