{
    "EXPQuad": {
        "mse": 2.2466553436425784e-12,
        "evs_error": -6.912803662828537e-11,
        "r2": -0.9188227019045669
    }
}