{
    "EXPQuad": {
        "mse": 1.1291715331172718e-12,
        "evs_error": -7.917444477811841e-12,
        "r2": -0.4364364204019462
    }
}