{
    "EXPQuad": {
        "mse": 1.2512496938702827e-12,
        "evs_error": -1.3709477997281283e-11,
        "r2": -0.44417971948789203
    }
}