{
    "EXPQuad": {
        "mse": 1.082044226335467e-12,
        "evs_error": -4.483746707251157e-12,
        "r2": -0.37762089556020606
    }
}