{
    "EXPQuad": {
        "mse": 1.0857641409211315e-12,
        "evs_error": -3.0169644560373854e-11,
        "r2": -0.4749621262980832
    }
}