{
    "EXPQuad": {
        "mse": 1.1543349276771882e-12,
        "evs_error": -3.2868374688632684e-11,
        "r2": -0.46673731838428045
    }
}