{
    "EXPQuad": {
        "mse": 1.0312849349962215e-12,
        "evs_error": -3.005862225791134e-11,
        "r2": -0.46754212243957993
    }
}