{
    "EXPQuad": {
        "mse": 1.1888577135151794e-12,
        "evs_error": -8.528733275170453e-12,
        "r2": -0.42248084195693414
    }
}