{
    "EXPQuad": {
        "mse": 1.0426502356129376e-12,
        "evs_error": -2.2985391368024466e-11,
        "r2": -0.41498832423738885
    }
}