{
    "EXPQuad": {
        "mse": 1.0201853220529108e-12,
        "evs_error": -3.4604985543751354e-11,
        "r2": -0.5020301461339913
    }
}