{
    "EXPQuad": {
        "mse": 1.044847851505002e-12,
        "evs_error": -1.621658363148981e-11,
        "r2": -0.39408536388069515
    }
}