{
    "EXPQuad": {
        "mse": 1.0311646158886807e-12,
        "evs_error": -3.1919578091788026e-11,
        "r2": -0.4761475987113788
    }
}