{
    "EXPQuad": {
        "mse": 4.421700311858826e-12,
        "evs_error": -7.048317485214284e-11,
        "r2": -0.9592900176553405
    }
}