{
    "EXPQuad": {
        "mse": 1.1614296662288678e-12,
        "evs_error": -1.3248513397456918e-11,
        "r2": -0.4702612285722241
    }
}