{
    "EXPQuad": {
        "mse": 1.1247177033952953e-11,
        "evs_error": -5.064082486683219e-11,
        "r2": -2.4359076511692392
    }
}