{
    "EXPQuad": {
        "mse": 1.0928338339889971e-11,
        "evs_error": -8.44337932903727e-11,
        "r2": -1.7463119569129524
    }
}