{
    "EXPQuad": {
        "mse": 1.0178673930952362e-12,
        "evs_error": -2.953171041042424e-11,
        "r2": -0.4637003017954031
    }
}