{
    "EXPQuad": {
        "mse": 1.9136097847817474e-12,
        "evs_error": -5.916001022399087e-11,
        "r2": -0.7726214378882734
    }
}