{
    "EXPQuad": {
        "mse": 2.6041387446069718e-12,
        "evs_error": -5.774980493811199e-11,
        "r2": -0.9921049685113712
    }
}