{
    "EXPQuad": {
        "mse": 1.9110440051620733e-12,
        "evs_error": -6.04269967396931e-11,
        "r2": -0.776572461032738
    }
}