{
    "EXPQuad": {
        "mse": 1.1114213743274348e-12,
        "evs_error": -2.023781142668213e-11,
        "r2": -0.4669878443686455
    }
}