{
    "EXPQuad": {
        "mse": 1.0653281479994486e-12,
        "evs_error": -3.8571146276922263e-11,
        "r2": -0.5349420733348291
    }
}