{
    "EXPQuad": {
        "mse": 1.0892946783762433e-12,
        "evs_error": -6.006306563222097e-12,
        "r2": -0.3749449972288412
    }
}