{
    "EXPQuad": {
        "mse": 3.742388445319282e-12,
        "evs_error": -5.2272186579216395e-11,
        "r2": -1.2925961247202933
    }
}