{
    "EXPQuad": {
        "mse": 1.1569634713015359e-12,
        "evs_error": -4.616085291786476e-12,
        "r2": -0.41799107425546156
    }
}