{
    "EXPQuad": {
        "mse": 1.2051594054589748e-12,
        "evs_error": -1.5421441901253274e-11,
        "r2": -0.42213515907939136
    }
}