{
    "EXPQuad": {
        "mse": 1.097165545311158e-12,
        "evs_error": -1.2037260077590872e-11,
        "r2": -0.4362642605085174
    }
}