{
    "EXPQuad": {
        "mse": 1.335788336886472e-12,
        "evs_error": -2.6610047498820677e-11,
        "r2": -0.5424146693402518
    }
}