{
    "EXPQuad": {
        "mse": 1.700099252016362e-12,
        "evs_error": -5.6711968454692396e-11,
        "r2": -0.7616308330810422
    }
}