{
    "EXPQuad": {
        "mse": 9.14810206657262e-12,
        "evs_error": -8.236500370628619e-11,
        "r2": -1.5403434427043043
    }
}