{
    "EXPQuad": {
        "mse": 1.0009371597141895e-12,
        "evs_error": -4.216560434144867e-11,
        "r2": -0.5626971119197663
    }
}