{
    "EXPQuad": {
        "mse": 1.220574010729968e-12,
        "evs_error": -1.0951328732744514e-10,
        "r2": -1.5762014751470472
    }
}