{
    "EXPQuad": {
        "mse": 6.0030462034407904e-12,
        "evs_error": -6.101918970102815e-11,
        "r2": -1.623981352825763
    }
}