{
    "EXPQuad": {
        "mse": 1.079732901978944e-12,
        "evs_error": -1.1266543253896089e-11,
        "r2": -0.3797795030851985
    }
}