{
    "EXPQuad": {
        "mse": 9.991721145850443e-13,
        "evs_error": -2.7919444534063587e-11,
        "r2": -0.43548765373068576
    }
}