{
    "EXPQuad": {
        "mse": 1.4396851943627126e-12,
        "evs_error": -4.7918113921241456e-11,
        "r2": -0.6202781553394932
    }
}