{
    "EXPQuad": {
        "mse": 1.059998460996918e-12,
        "evs_error": -4.913180973176168e-12,
        "r2": -0.3954539898231544
    }
}