{
    "EXPQuad": {
        "mse": 1.0332290323200814e-12,
        "evs_error": -3.738298559596842e-11,
        "r2": -0.520241414022169
    }
}