{
    "EXPQuad": {
        "mse": 1.0070410708109895e-12,
        "evs_error": -1.734190568924987e-11,
        "r2": -0.4032463785136986
    }
}