{
    "EXPQuad": {
        "mse": 8.331014358918352e-12,
        "evs_error": -8.674061469093886e-11,
        "r2": -1.4275174830290909
    }
}