{
    "EXPQuad": {
        "mse": 1.0703136019172485e-12,
        "evs_error": -2.428302003920635e-11,
        "r2": -0.4347788393170475
    }
}