{
    "EXPQuad": {
        "mse": 3.4616127335330714e-12,
        "evs_error": -6.315858946948083e-11,
        "r2": -0.8166169284355698
    }
}