{
    "EXPQuad": {
        "mse": 1.1369892254166776e-12,
        "evs_error": -1.0370371228418662e-11,
        "r2": -0.38068043996692014
    }
}