{
    "EXPQuad": {
        "mse": 1.1224280292483966e-12,
        "evs_error": -3.5655922658861527e-12,
        "r2": -0.4126354532815135
    }
}