{
    "EXPQuad": {
        "mse": 1.124423234446383e-12,
        "evs_error": -3.6766145683486684e-11,
        "r2": -0.512506978843422
    }
}