{
    "EXPQuad": {
        "mse": 1.1125438202325225e-12,
        "evs_error": -1.755373624234835e-11,
        "r2": -0.3893273418470704
    }
}