{
    "EXPQuad": {
        "mse": 1.0050942478750592e-12,
        "evs_error": -2.0416779378251704e-11,
        "r2": -0.42763696295859566
    }
}