{
    "EXPQuad": {
        "mse": 1.3414307731401726e-12,
        "evs_error": -2.399880294490231e-11,
        "r2": -0.5253925599628666
    }
}