{
    "EXPQuad": {
        "mse": 1.4405393354064031e-12,
        "evs_error": -5.4953153139081223e-11,
        "r2": -0.7530936524483998
    }
}