{
    "EXPQuad": {
        "mse": 1.0202412160353356e-12,
        "evs_error": -3.114619673283414e-11,
        "r2": -0.47216102873168087
    }
}