{
    "EXPQuad": {
        "mse": 3.950956844146034e-12,
        "evs_error": -5.101186140166192e-11,
        "r2": -1.3631550557743108
    }
}