{
    "EXPQuad": {
        "mse": 5.9698915070786225e-12,
        "evs_error": -4.4570125368181834e-11,
        "r2": -1.8233465564472975
    }
}