{
    "EXPQuad": {
        "mse": 1.2509238710880659e-12,
        "evs_error": -1.8034906901220893e-11,
        "r2": -0.4636404398845999
    }
}