{
    "EXPQuad": {
        "mse": 1.4331261106311265e-12,
        "evs_error": -4.019429233892424e-11,
        "r2": -0.6104617203985516
    }
}