{
    "EXPQuad": {
        "mse": 1.869390279356061e-12,
        "evs_error": -3.4538816251483695e-11,
        "r2": -0.5076654024276528
    }
}