{
    "EXPQuad": {
        "mse": 1.195865262121111e-11,
        "evs_error": -8.553158181712206e-11,
        "r2": -1.8474167142027857
    }
}