{
    "EXPQuad": {
        "mse": 1.2082896782203346e-12,
        "evs_error": -1.2136736060597286e-11,
        "r2": -0.42509546139349963
    }
}