{
    "EXPQuad": {
        "mse": 1.2984654481900204e-12,
        "evs_error": -4.469558056996448e-11,
        "r2": -0.5826773916661097
    }
}