{
    "EXPQuad": {
        "mse": 3.739185297464955e-12,
        "evs_error": -6.398814811348075e-11,
        "r2": -0.8246514946092118
    }
}