{
    "EXPQuad": {
        "mse": 8.803162220503752e-12,
        "evs_error": -8.172684751173165e-11,
        "r2": -1.5224424539399282
    }
}