{
    "EXPQuad": {
        "mse": 1.023507277057994e-12,
        "evs_error": -2.687361444486669e-11,
        "r2": -0.49421179603700516
    }
}