{
    "EXPQuad": {
        "mse": 7.598222592707065e-12,
        "evs_error": -6.613753988915505e-11,
        "r2": -1.9127770924634153
    }
}