{
    "EXPQuad": {
        "mse": 1.0453681478870709e-12,
        "evs_error": -3.15822923369069e-11,
        "r2": -0.48765023879096425
    }
}