{
    "EXPQuad": {
        "mse": 6.807431133628792e-12,
        "evs_error": -8.132294837537302e-11,
        "r2": -1.265011468995922
    }
}