{
    "EXPQuad": {
        "mse": 1.2246024093533048e-12,
        "evs_error": -1.162803187071404e-11,
        "r2": -0.43508251051624813
    }
}