{
    "EXPQuad": {
        "mse": 1.1596400574913753e-12,
        "evs_error": -1.3587797553782366e-11,
        "r2": -0.4690135603093246
    }
}