{
    "EXPQuad": {
        "mse": 1.0989661973580679e-12,
        "evs_error": -1.1282974554660541e-11,
        "r2": -0.37979719102918597
    }
}