{
    "EXPQuad": {
        "mse": 1.104599670478425e-12,
        "evs_error": -2.9167779302952113e-12,
        "r2": -0.4053645250443869
    }
}