{
    "EXPQuad": {
        "mse": 6.1679625407950685e-12,
        "evs_error": -3.778266588483348e-11,
        "r2": -2.0184650985217054
    }
}