{
    "EXPQuad": {
        "mse": 1.4013712428900012e-12,
        "evs_error": -4.193267955088231e-11,
        "r2": -0.5779826866833868
    }
}