{
    "EXPQuad": {
        "mse": 1.1393120235323577e-12,
        "evs_error": -8.953504604392037e-12,
        "r2": -0.3836617342686679
    }
}