{
    "EXPQuad": {
        "mse": 1.0208557297807514e-12,
        "evs_error": -3.303557427614123e-11,
        "r2": -0.48136668265090776
    }
}