{
    "EXPQuad": {
        "mse": 1.0154733193569054e-12,
        "evs_error": -3.248024071922373e-11,
        "r2": -0.4756171746627509
    }
}