{
    "EXPQuad": {
        "mse": 1.0433992048281284e-12,
        "evs_error": -3.63342689269075e-11,
        "r2": -0.507462076234954
    }
}