{
    "EXPQuad": {
        "mse": 1.2785711013596209e-12,
        "evs_error": -3.8820058279043224e-11,
        "r2": -0.5542825394931139
    }
}