{
    "EXPQuad": {
        "mse": 1.005345412814985e-12,
        "evs_error": -3.627431688357774e-11,
        "r2": -0.5037500206261167
    }
}