{
    "EXPQuad": {
        "mse": 2.499949679632915e-12,
        "evs_error": -5.969180705278632e-11,
        "r2": -0.9250268887031872
    }
}