{
    "EXPQuad": {
        "mse": 9.983592376973413e-13,
        "evs_error": -1.9318324717687574e-11,
        "r2": -0.4061548382104738
    }
}