{
    "EXPQuad": {
        "mse": 6.293785716611469e-12,
        "evs_error": -8.015965669017078e-11,
        "r2": -1.1889803209009253
    }
}