{
    "EXPQuad": {
        "mse": 1.6896650712876893e-12,
        "evs_error": -5.2332582711756004e-11,
        "r2": -0.6763387181910105
    }
}