{
    "EXPQuad": {
        "mse": 2.00997301960081e-12,
        "evs_error": -5.317746243349575e-11,
        "r2": -0.6939250083245991
    }
}