{
    "EXPQuad": {
        "mse": 2.116529785695594e-12,
        "evs_error": -6.34687857825611e-11,
        "r2": -0.8335640762492245
    }
}