{
    "EXPQuad": {
        "mse": 1.2782581081173398e-12,
        "evs_error": -4.7913673029142956e-11,
        "r2": -0.6242241960327501
    }
}