{
    "EXPQuad": {
        "mse": 1.0613859907072164e-12,
        "evs_error": -3.075917298644981e-11,
        "r2": -0.46118590142154336
    }
}