{
    "EXPQuad": {
        "mse": 1.510348768076522e-12,
        "evs_error": -5.884381870657762e-11,
        "r2": -0.7634918807485374
    }
}