{
    "EXPQuad": {
        "mse": 1.5855959670727509e-12,
        "evs_error": -5.607936337526098e-11,
        "r2": -0.7581056940065101
    }
}