{
    "EXPQuad": {
        "mse": 1.3617555426281208e-12,
        "evs_error": -4.876166137535165e-11,
        "r2": -0.638789826212071
    }
}