{
    "EXPQuad": {
        "mse": 1.0645183260370137e-12,
        "evs_error": -1.1853629189317871e-11,
        "r2": -0.3878679109256824
    }
}