{
    "EXPQuad": {
        "mse": 1.0609239927595934e-12,
        "evs_error": -1.750910527675842e-11,
        "r2": -0.4270128527129968
    }
}