{
    "EXPQuad": {
        "mse": 1.099336827184425e-12,
        "evs_error": -1.6787238266147142e-11,
        "r2": -0.4592966721936176
    }
}