{
    "EXPQuad": {
        "mse": 1.2621934607450692e-12,
        "evs_error": -3.787015145917394e-11,
        "r2": -0.5399464796439792
    }
}